insert into lazy_entity_graph_collection_entity values (1);
insert into lazy_entity_graph_first_referenced_entity(name,collection_entity_id) values ('child № 1',1);
insert into lazy_entity_graph_first_referenced_entity(name,collection_entity_id) values ('child № 2',1);
insert into lazy_entity_graph_second_referenced_entity(name,collection_entity_id) values ('child № 1',1);
insert into lazy_entity_graph_second_referenced_entity(name,collection_entity_id) values ('child № 2',1);


insert into lazy_entity_graph_collection_entity values (2);
insert into lazy_entity_graph_first_referenced_entity(name,collection_entity_id) values ('child № 1',2);
insert into lazy_entity_graph_first_referenced_entity(name,collection_entity_id) values ('child № 2',2);
insert into lazy_entity_graph_second_referenced_entity(name,collection_entity_id) values ('child № 1',2);
insert into lazy_entity_graph_second_referenced_entity(name,collection_entity_id) values ('child № 2',2);

insert into lazy_entity_graph_collection_entity values (3);
insert into lazy_entity_graph_first_referenced_entity(name,collection_entity_id) values ('child № 1',3);
insert into lazy_entity_graph_first_referenced_entity(name,collection_entity_id) values ('child № 2',3);
insert into lazy_entity_graph_second_referenced_entity(name,collection_entity_id) values ('child № 1',3);
insert into lazy_entity_graph_second_referenced_entity(name,collection_entity_id) values ('child № 2',3);


insert into lazy_entity_graph_collection_entity values (4);
insert into lazy_entity_graph_first_referenced_entity(name,collection_entity_id) values ('child № 1',4);
insert into lazy_entity_graph_first_referenced_entity(name,collection_entity_id) values ('child № 2',4);
insert into lazy_entity_graph_second_referenced_entity(name,collection_entity_id) values ('child № 1',4);
insert into lazy_entity_graph_second_referenced_entity(name,collection_entity_id) values ('child № 2',4);

